" Please turn off your ad blocker before opening the links. If the demo closes automatically, just reload it once or twice. Enjoy exploring!",Complexity,Features
https://demo.perion.com/creative/133942,⭐⭐⭐⭐⭐,"SVG, Carousel, My favourite"
https://amigogaming.com/ru/games/football-hits#demoStart,⭐⭐⭐⭐⭐,"Slot Game, My favourite"
https://webelefont.github.io/toytherapy_room,⭐⭐⭐⭐⭐,Site
https://angular.practicu.com/,⭐⭐⭐⭐⭐,"Retail(API/Products/Maps), Other, My favourite, Site"
https://newt.co.il/,⭐⭐⭐⭐⭐,"Retail(API/Products/Maps), My favourite, Site"
https://admin.sparkflow.net/demo/?d=eyJhbGciOiJIUzI1NiJ9.eyJpZCI6IjEzNzMzOSJ9.a1qW1uV18D5R3Zp872ZW5ztOn5wNA2C0yshLitCioBs&device_group=desktop&device=macbook-air&rotated=false,⭐⭐⭐⭐⭐,"Game, Sounds, My favourite, Animation"
https://demo.perion.com/creative/121987,⭐⭐⭐⭐⭐,"Game, Animation, Other, Expandable on click"
https://demo.perion.com/creative/98278,⭐⭐⭐⭐⭐,"Game, Animation, My favourite"
https://demo.perion.com/creative/122840,⭐⭐⭐⭐⭐,"Carousel, My favourite, Animation, Game"
https://su-p.undertone.com/138003,⭐⭐⭐⭐⭐,"Animation, SVG, Other, Carousel, My favourite"
https://demo.perion.com/creative/121266,⭐⭐⭐⭐⭐,"Animation, SVG, My favourite"
https://su-p.undertone.com/136523,⭐⭐⭐⭐⭐,"Animation, SVG, My favourite"
https://su-p.undertone.com/118116,⭐⭐⭐⭐⭐,"Animation, SVG, Game, Other, My favourite"
https://demo.perion.com/creative/123932,⭐⭐⭐⭐⭐,"Animation, Other, My favourite, SVG"
https://su-p.undertone.com/124643,⭐⭐⭐⭐⭐,"Animation, My favourite, SVG, AI, Expandable on click"
https://demo.perion.com/creative/137339,⭐⭐⭐⭐⭐,"Animation, Game, Other, My favourite, Sounds"
https://su-p.undertone.com/122318,⭐⭐⭐⭐⭐,"Animation, Game, Other, My favourite"
https://su-p.undertone.com/84313,⭐⭐⭐⭐⭐,"Animation, Game, Other, My favourite"
https://su-p.undertone.com/110706,⭐⭐⭐⭐⭐,"Animation, Game, My favourite"
https://su-p.undertone.com/120795,⭐⭐⭐⭐⭐,"Animation, Game, My favourite"
https://admin.sparkflow.net/d/?d=eyJhbGciOiJIUzI1NiJ9.eyJpZCI6IjExMjQxNCJ9.p3JqnZ1oi_tqogslvEBBRh_DJlmtXqPY6Z8DUC2Moyk&device=full-screen&zoom=1&sf_ut_zip_code=10001&sf_ut_latitude=11&sf_ut_longitude=11,⭐⭐⭐⭐,"Retail(API/Products/Maps), Carousel"
https://demo.perion.com/creative/134376,⭐⭐⭐⭐,"Retail(API/Products/Maps), Animation, Carousel"
https://admin.sparkflow.net/d/?d=eyJhbGciOiJIUzI1NiJ9.eyJpZCI6IjEyNzM5MSIsImZvcm1hdCI6IjIzMCJ9.rBDfp8CG0MssXMBWsITbvNQ_ElFZikP-i43ZvY5x6iw&device=full-screen&zoom=1&sf_ut_zip_code=10001&sf_ut_latitude=11&sf_ut_longitude=11,⭐⭐⭐⭐,"Retail(API/Products/Maps), Animation, Carousel"
https://demo.perion.com/creative/131699,⭐⭐⭐⭐,"My favourite, Expandable on click, Animation, Hover animation"
https://demo.perion.com/creative/137340,⭐⭐⭐⭐,"Game, Animation"
https://demo.perion.com/creative/125315,⭐⭐⭐⭐,Game
https://su-p.undertone.com/136283,⭐⭐⭐⭐,"Animation, SVG, Carousel, My favourite"
https://demo.perion.com/creative/125021,⭐⭐⭐⭐,"Animation, Retail(API/Products/Maps), Carousel, My favourite"
https://admin.sparkflow.net/d/?d=eyJhbGciOiJIUzI1NiJ9.eyJpZCI6IjEzNTAxNiJ9.Eog6lFScSnJ1cs0eZi9OtWTYF5OVimBZAJtsWRc6U6I&device=full-screen&zoom=1&sf_ut_zip_code=10001&sf_ut_latitude=11&sf_ut_longitude=11,⭐⭐⭐⭐,"Animation, Retail(API/Products/Maps), Carousel, My favourite"
https://su-p.undertone.com/138392,⭐⭐⭐⭐,"Animation, Retail(API/Products/Maps), Carousel, Hover animation"
https://su-p.undertone.com/139158,⭐⭐⭐⭐,"Animation, Retail(API/Products/Maps), Carousel"
https://demo.perion.com/creative/121439,⭐⭐⭐⭐,"Animation, Other, My favourite"
https://admin.sparkflow.net/d/?d=eyJhbGciOiJIUzI1NiJ9.eyJpZCI6IjEyOTkyMyJ9.u-lOkMbQmd2Gsq-cQNwVO1I2pm41o7jzsGN11EnA1CA&device=full-screen&zoom=1,⭐⭐⭐⭐,"Animation, Other, Hover animation, My favourite"
https://demo.perion.com/creative/123613,⭐⭐⭐⭐,"Animation, Other, Carousel, My favourite"
https://su-p.undertone.com/138587,⭐⭐⭐⭐,"Animation, Other, Carousel, My favourite"
https://su-p.undertone.com/134812,⭐⭐⭐⭐,"Animation, Other, Carousel, My favourite"
https://demo.perion.com/creative/138513,⭐⭐⭐⭐,"Animation, Other, Carousel, Hot Spots"
https://admin.sparkflow.net/demo/?d=eyJhbGciOiJIUzI1NiJ9.eyJpZCI6IjEzNjQ3NCJ9.KAQTn_GpgIsJ_mWDpDBCgUbeTWW2wW36QLl-8KFLLoA&device_group=mobile&device=iphone-15&rotated=false,⭐⭐⭐⭐,"Animation, My favourite"
https://su-p.undertone.com/138831,⭐⭐⭐⭐,"Animation, Game, Other, My favourite, Hot Spots"
https://admin.sparkflow.net/d/?d=eyJhbGciOiJIUzI1NiJ9.eyJpZCI6IjEzMDYyNyJ9.0jpCZywB2twyiq6vsuRbBgi45FXdWSBZJyThNURSHQ4&device=full-screen&zoom=1,⭐⭐⭐⭐,"Animation, Game, My favourite"
https://su-p.undertone.com/88908,⭐⭐⭐⭐,"Animation, Game, My favourite"
https://su-p.undertone.com/134870,⭐⭐⭐⭐,"Animation, Game"
https://admin.sparkflow.net/d/?d=eyJhbGciOiJIUzI1NiJ9.eyJpZCI6IjEzNDM2NyJ9.2ohWH6ptCN49TwNDkgWP096IYXAxULuDwxPzM37v9dc&device=full-screen&zoom=1,⭐⭐⭐⭐,"Animation, Carousel, Hot Spots"
https://demo.perion.com/creative/136779,⭐⭐⭐⭐,"Animation, Carousel, Expandable on click, My favourite"
https://demo.perion.com/creative/134038,⭐⭐⭐⭐,"Animation, Carousel"
https://su-p.undertone.com/126182,⭐⭐⭐⭐,"Animation, Carousel"
https://demo.perion.com/creative/134563,⭐⭐⭐,"SVG, Animation, My favourite, Hover animation"
https://demo.perion.com/creative/135534,⭐⭐⭐,SVG
https://demo.perion.com/creative/83666,⭐⭐⭐,Other
https://demo.perion.com/creative/130608,⭐⭐⭐,"Animation, SVG, Hover animation"
https://su-p.undertone.com/138974,⭐⭐⭐,"Animation, SVG, Carousel"
https://su-p.undertone.com/139118,⭐⭐⭐,"Animation, Retail(API/Products/Maps), Carousel"
https://su-p.undertone.com/138545,⭐⭐⭐,"Animation, Retail(API/Products/Maps)"
https://su-p.undertone.com/136165,⭐⭐⭐,"Animation, Other, My favourite, 3D"
https://admin.sparkflow.net/d/?d=eyJhbGciOiJIUzI1NiJ9.eyJpZCI6IjEyNzk2MiJ9.8jA6PRmXCNIWWE73ytd_zMOVGmEOmpwmurnxKbhYlaM&device=full-screen&zoom=1,⭐⭐⭐,"Animation, Other, Game"
https://su-p.undertone.com/138586,⭐⭐⭐,"Animation, Other, Carousel"
https://demo.perion.com/creative/136715,⭐⭐⭐,"Animation, Other"
https://demo.perion.com/creative/131889,⭐⭐⭐,"Animation, My favourite"
https://demo.perion.com/creative/123581,⭐⭐⭐,"Animation, Carousel, Hover animation"
https://demo.perion.com/creative/84470,⭐⭐⭐,Animation
https://demo.perion.com/creative/118202,⭐⭐⭐,Animation
https://demo.perion.com/creative/118875,⭐⭐,SVG
https://demo.perion.com/creative/139117,⭐⭐,"Animation, SVG, Carousel"
https://admin.sparkflow.net/d/?d=eyJhbGciOiJIUzI1NiJ9.eyJpZCI6IjEzMzMzNyJ9.kZDlFOE6k0qiZTjiwyZG0MenwVZEV5yikPc-y2XuWAo&device=full-screen&zoom=1,⭐⭐,"Animation, SVG"
https://demo.perion.com/creative/120930,⭐⭐,"Animation, Expandable on click"
https://su-p.undertone.com/104187,⭐⭐,"Animation, Carousel"
https://demo.perion.com/creative/122676,⭐⭐,Animation
https://demo.perion.com/creative/131954,⭐,Animation
https://demo.perion.com/creative/125381,⭐,Animation
https://su-p.undertone.com/135636,⭐,Animation
,,
,0,
,0,
,0,
,0,
,0,
,0,
,0,
,0,
,0,
,0,
,0,
,0,
,0,
,0,
,0,
,0,
,0,
,0,
,0,
,0,
,0,
,0,
,0,
,0,
,0,
,0,
,0,
,0,
,0,
,0,
,0,
,0,
,0,
,0,
,0,
,0,
,0,
,0,
,0,
,0,
,0,
,0,
,0,
,0,
,0,
,0,
,0,
,0,
,0,
,0,
,0,
,0,
,0,
,0,
,0,
,0,
,0,
,0,
,0,
,0,
,0,
,0,
,0,
,0,
,0,
,0,
,0,
,0,
,0,
,0,
,0,
,0,
,0,
,0,
,0,
,0,
,0,
,0,
,0,
,0,
,0,
,0,
,0,
,0,
,0,
,0,
,0,
,0,
,0,
,0,
,0,
,0,
,0,
,0,
,0,
,0,
,0,
,0,
,0,
,0,
,0,
,0,
,0,
,0,
,0,
,0,
,0,
,0,
,0,
,0,
,0,
,0,
,0,
,0,
,0,
,0,
,0,
,0,
,0,
,0,
,0,
,0,
,0,
,0,
,0,
,0,
,0,
,0,
,0,
,0,
,0,
,0,
,0,
,0,
,0,
,0,
,0,
,0,
,0,
,0,
,0,
,0,
,0,
,0,
,0,
,0,
,0,
,0,
,0,
,0,
,0,
,0,
,0,
,0,
,0,
,0,
,0,
,0,
,0,
,0,
,0,
,0,
,0,
,0,
,0,
,0,
,0,
,0,
,0,
,0,
,0,
,0,
,0,
,0,
,0,
,0,
,0,
,0,
,0,
,0,
,0,
,0,
,0,
,0,
,0,
,0,
,0,
,0,
,0,
,0,
,0,
,0,
,0,
,0,
,0,
,0,
,0,
,0,
,0,
,0,
,0,
,0,
,0,
,0,
,0,
,0,
,0,
,0,
,0,
,0,
,0,
,0,
,0,
,0,
,0,
,0,
,0,
,0,
,0,
,0,
,0,
,0,
,0,
,0,
,0,
,0,
,0,
,0,
,0,
,0,
,0,
,0,
,0,
,0,
,0,
,0,
,0,
,0,
,0,
,0,
,0,
,0,
,0,
,0,
,0,
,0,
,0,
,0,
,0,
,0,
,0,
,0,
,0,
,0,
,0,
,0,
,0,
,0,
,0,
,0,
,0,
,0,
,0,
,0,
,0,
,0,
,0,
,0,
,0,
,0,
,0,
,0,
,0,
,0,
,0,
,0,
,0,
,0,
,0,
,0,
,0,
,0,
,0,
,0,
,0,
,0,
,0,
,0,
,0,
,0,
,0,
,0,
,0,
,0,
,0,
,0,
,0,
,0,
,0,
,0,
,0,
,0,
,0,
,0,
,0,
,0,
,0,
,0,
,0,
,0,
,0,